{
    "MNB": {
        "fold_1": {
            "accuracy": 0.9038244311763757,
            "precision": 0.8795350475519549,
            "recall": 0.9076699382042893,
            "f1": 0.8933810375670841,
            "auc": 0.9655050250286237
        },
        "fold_2": {
            "accuracy": 0.9098757463288688,
            "precision": 0.8881217914675164,
            "recall": 0.9118502362777172,
            "f1": 0.8998296116940184,
            "auc": 0.9670604927496423
        },
        "fold_3": {
            "accuracy": 0.9077705156136529,
            "precision": 0.8906614088546334,
            "recall": 0.9031261359505635,
            "f1": 0.8968504647594983,
            "auc": 0.967558689361439
        },
        "fold_4": {
            "accuracy": 0.9031711450012103,
            "precision": 0.8785638859556494,
            "recall": 0.9073064340239912,
            "f1": 0.8927038626609443,
            "auc": 0.9658242506082537
        },
        "fold_5": {
            "accuracy": 0.9033325264262083,
            "precision": 0.8812688286372496,
            "recall": 0.9040174513724777,
            "f1": 0.8924982053122756,
            "auc": 0.9648108880746951
        },
        "average": {
            "accuracy": 0.9055948729092632,
            "precision": 0.8836301924934007,
            "recall": 0.9067940391658077,
            "f1": 0.895052636398764,
            "auc": 0.9661518691645308
        }
    },
    "SVM": {
        "fold_1": {
            "accuracy": 0.955300952073584,
            "precision": 0.9486760972071092,
            "recall": 0.950745183569611,
            "f1": 0.9497095134350036,
            "auc": 0.990919146585856
        },
        "fold_2": {
            "accuracy": 0.9566725835081491,
            "precision": 0.9481855930673406,
            "recall": 0.9545619774627409,
            "f1": 0.9513631011683724,
            "auc": 0.991418859347933
        },
        "fold_3": {
            "accuracy": 0.9564270152505446,
            "precision": 0.95092693565976,
            "recall": 0.95092693565976,
            "f1": 0.95092693565976,
            "auc": 0.99195464126157
        },
        "fold_4": {
            "accuracy": 0.9569111595255386,
            "precision": 0.9475675675675675,
            "recall": 0.9558342420937841,
            "f1": 0.9516829533116178,
            "auc": 0.9909718981359056
        },
        "fold_5": {
            "accuracy": 0.9568304688130396,
            "precision": 0.9483568075117371,
            "recall": 0.9547355026358844,
            "f1": 0.9515354651689465,
            "auc": 0.9914372398708071
        },
        "average": {
            "accuracy": 0.9564284358341713,
            "precision": 0.9487426002027028,
            "recall": 0.9533607682843559,
            "f1": 0.95104359374874,
            "auc": 0.9913403570404142
        }
    },
    "RF": {
        "fold_1": {
            "accuracy": 0.912941746006132,
            "precision": 0.9094612108868728,
            "recall": 0.8927662668120684,
            "f1": 0.9010364119966981,
            "auc": 0.971722017192925
        },
        "fold_2": {
            "accuracy": 0.917298692915927,
            "precision": 0.9127789046653144,
            "recall": 0.8996728462377317,
            "f1": 0.9061784897025171,
            "auc": 0.9737257997039224
        },
        "fold_3": {
            "accuracy": 0.9151940611635601,
            "precision": 0.9109879963065559,
            "recall": 0.8965830607051981,
            "f1": 0.9037281304387652,
            "auc": 0.9734344171412768
        },
        "fold_4": {
            "accuracy": 0.9166464939885419,
            "precision": 0.9128025124699797,
            "recall": 0.8980370774263904,
            "f1": 0.9053595968850207,
            "auc": 0.9731014555412127
        },
        "fold_5": {
            "accuracy": 0.9161623497135479,
            "precision": 0.9119276218611522,
            "recall": 0.8978367569532812,
            "f1": 0.9048273335165339,
            "auc": 0.9727936344186036
        },
        "average": {
            "accuracy": 0.9156486687575418,
            "precision": 0.911591649237975,
            "recall": 0.896979201626934,
            "f1": 0.904225992507907,
            "auc": 0.9729554647995879
        }
    }
}