Feature,Weight
prob_nb,-0.4133944451756135
prob_svm,8.510864384731471
prob_rf,-0.2097968973743073
